<?xml version="1.0"?>
<doc>
    <assembly>
        <name>ControlTreeView</name>
    </assembly>
    <members>
        <member name="T:ControlTreeView.CTreeNodeCollection">
            <summary>
            Represents a collection of CTreeNode objects.
            </summary>
        </member>
        <member name="M:ControlTreeView.CTreeNodeCollection.TraverseNodes(System.Action{ControlTreeView.CTreeNode})">
            <summary>
            Apply action to each node in CTreeNodeCollection and recursively to child nodes.
            </summary>
            <param name="action">Action will be applied to the nodes.</param>
        </member>
        <member name="M:ControlTreeView.CTreeNodeCollection.TraverseNodes(System.Func{ControlTreeView.CTreeNode,System.Boolean},System.Action{ControlTreeView.CTreeNode})">
            <summary>
            Apply action to each node in CTreeNodeCollection and recursively to child nodes until the condition is true.
            </summary>
            <param name="condition">Condition that must be satisfied node.</param>
            <param name="action">Action will be applied to the nodes.</param>
        </member>
        <member name="M:ControlTreeView.CTreeNodeCollection.AddRange(ControlTreeView.CTreeNode[])">
            <summary>
            Adds an array of previously created tree nodes to the collection.
            </summary>
            <param name="nodes">An array of CTreeNode objects representing the tree nodes to add to the collection.</param>
            <exception cref="T:System.ArgumentNullException">Nodes is null.</exception>
        </member>
        <member name="M:ControlTreeView.CTreeNodeCollection.InsertRange(System.Int32,ControlTreeView.CTreeNode[])">
            <summary>
            Inserts an array of previously created tree nodes to the collection at the specific position.
            </summary>
            <param name="index">The zero-based index at which nodes should be inserted.</param>
            <param name="nodes">An array of CTreeNode objects representing the tree nodes to add to the collection.</param>
        </member>
        <member name="P:ControlTreeView.CTreeNodeCollection.Item(System.String)">
            <summary>
            Gets the tree node with the specified key from the collection.
            </summary>
            <param name="key">The name of the CTreeNode to retrieve from the collection.</param>
            <returns>The CTreeNode with the specified key.</returns>
        </member>
        <member name="M:ControlTreeView.CTreeNodeCollection.Find(System.String,System.Boolean)">
            <summary>
            Finds the tree nodes with specified key, optionally searching subnodes.
            </summary>
            <param name="key">The name of the tree node to search for.</param>
            <param name="searchAllChildren">true  to search child nodes of tree nodes; otherwise, false.</param>
            <returns>An array of CTreeNode objects whose Name property matches the specified key.</returns>
        </member>
        <member name="M:ControlTreeView.CTreeNodeCollection.RemoveByKey(System.String)">
            <summary>
            Removes the tree node with the specified key from the collection.
            </summary>
            <param name="key">The name of the tree node to remove from the collection.</param>
        </member>
        <member name="M:ControlTreeView.CTreeNodeCollection.IndexOfKey(System.String)">
            <summary>
            Returns the index of the first occurrence of a tree node with the specified key.
            </summary>
            <param name="key">The name of the tree node to search for.</param>
            <returns>The zero-based index of the first occurrence of a tree node with the specified key, if found; otherwise, -1.</returns>
        </member>
        <member name="M:ControlTreeView.CTreeNodeCollection.ContainsKey(System.String)">
            <summary>
            Determines whether the collection contains a tree node with the specified key.
            </summary>
            <param name="key">The name of the CTreeNode to search for.</param>
            <returns>true  to indicate the collection contains a CTreeNode with the specified key; otherwise, false.</returns>
        </member>
        <member name="M:ControlTreeView.CTreeNodeCollection.#ctor(ControlTreeView.INodeContainer)">
            <summary>
            Create a new instanse of CTreeNodeCollection assigned to specified owner.
            </summary>
            <param name="owner">CTreeNode or CTreeView.</param>
        </member>
        <member name="P:ControlTreeView.CTreeNodeCollection.ParentCTreeView">
            <summary>
            Gets the parent CTreeView that this collection is assigned to.
            </summary>
        </member>
        <member name="M:ControlTreeView.CTreeNodeCollection.InsertItem(System.Int32,ControlTreeView.CTreeNode)">
            <summary>
            Inserts an element into the Collection at the specified index.
            </summary>
            <param name="index">The zero-based index at which item should be inserted.</param>
            <param name="item">The object to insert. The value can be null for reference types.</param>
        </member>
        <member name="M:ControlTreeView.CTreeNodeCollection.RemoveItem(System.Int32)">
            <summary>
            Removes the element at the specified index of the Collection.
            </summary>
            <param name="index">The zero-based index of the element to remove.</param>
        </member>
        <member name="M:ControlTreeView.CTreeNodeCollection.SetItem(System.Int32,ControlTreeView.CTreeNode)">
            <summary>
            Replaces the element at the specified index.
            </summary>
            <param name="index">The zero-based index of the element to replace.</param>
            <param name="item">The new value for the element at the specified index. The value can be null for reference types.</param>
        </member>
        <member name="M:ControlTreeView.CTreeNodeCollection.ClearItems">
            <summary>
            Removes all elements from the Collection.
            </summary>
        </member>
        <member name="M:ControlTreeView.CTreeNodeCollection.GetLines(System.Func{ControlTreeView.CTreeNodeCollection,ControlTreeView.CTreeNode.Line},System.Func{ControlTreeView.CTreeNode,ControlTreeView.CTreeNode.Line})">
            <summary>
            Get the list includes common line and lines for nodes of this CTreeNodeCollection.
            </summary>
            <param name="commonLineCalc">Function that calculates common line of nodes collection.</param>
            <param name="childLineCalc">Function that calculates line of each node in collection.</param>
            <returns>List of lines of this nodes collection.</returns>
        </member>
        <member name="T:ControlTreeView.CTreeView.DragTargetPositionClass">
            <summary>
            
            </summary>
        </member>
        <member name="P:ControlTreeView.CTreeView.DragTargetPositionClass.Enabled">
            <summary>
            Gets a value indicating whether drag destination nodes are not empty.
            </summary>
        </member>
        <member name="P:ControlTreeView.CTreeView.DragTargetPositionClass.NodeDirect">
            <summary>
            The direct node of drag target position.
            </summary>
        </member>
        <member name="P:ControlTreeView.CTreeView.DragTargetPositionClass.NodeBefore">
            <summary>
            The upper node of drag target position.
            </summary>
        </member>
        <member name="P:ControlTreeView.CTreeView.DragTargetPositionClass.NodeAfter">
            <summary>
            The lower node of drag target position.
            </summary>
        </member>
        <member name="M:ControlTreeView.CTreeView.SetScrollDirections(System.Boolean,System.Boolean,System.Boolean,System.Boolean)">
            <summary>
            Sets the directions in which need scroll.
            </summary>
            <param name="scrollUp">true if need scroll up, otherwise, false.</param>
            <param name="scrollDown">true if need scroll down, otherwise, false.</param>
            <param name="scrollRigh">true if need scroll right, otherwise, false.</param>
            <param name="scrollLeft">true if need scroll left, otherwise, false.</param>
        </member>
        <member name="M:ControlTreeView.CTreeView.SetDragTargetPosition(System.Drawing.Point)">
            <summary>
            Sets the drag destination nodes according to specified cursor position.
            </summary>
            <param name="dragPosition">The position of mouse cursor during drag.</param>
        </member>
        <member name="M:ControlTreeView.CTreeView.CheckValidDrop(System.Collections.Generic.List{ControlTreeView.CTreeNode})">
            <summary>
            Checking a valid of drop operation in current destination.
            </summary>
            <param name="sourceNodes">The source nodes of drag and drop operation.</param>
            <returns>true if drop of source nodes is allowed to current destination, otherwise, false.</returns>
        </member>
        <member name="P:ControlTreeView.CTreeView.DefaultSize">
            <summary>
            Gets the default size of the control.
            </summary>
            <value>The default Size of the control.</value>
        </member>
        <member name="P:ControlTreeView.CTreeView.CurrentNode">
            <summary>The Currentlly Selected Node</summary>
        </member>
        <member name="M:ControlTreeView.CTreeView.OnCollapseNode(ControlTreeView.CTreeViewEventArgs)">
            <summary>
            Raises the CollapseNode event.
            </summary>
            <param name="e">A CTreeViewEventArgs that contains the event data.</param>
        </member>
        <member name="M:ControlTreeView.CTreeView.OnExpandNode(ControlTreeView.CTreeViewEventArgs)">
            <summary>
            Raises the ExpandNode event.
            </summary>
            <param name="e">A CTreeViewEventArgs that contains the event data</param>
        </member>
        <member name="M:ControlTreeView.CTreeView.OnSelectNode(ControlTreeView.CTreeViewEventArgs)">
            <summary>
            Raises the SelectNode event.
            </summary>
            <param name="e">A CTreeViewEventArgs that contains the event data</param>
        </member>
        <member name="M:ControlTreeView.CTreeView.OnDragOver(System.Windows.Forms.DragEventArgs)">
            <summary>
            Raises the DragOver event.
            </summary>
            <param name="drgevent">A DragEventArgs that contains the event data.</param>
        </member>
        <member name="M:ControlTreeView.CTreeView.OnDragEnter(System.Windows.Forms.DragEventArgs)">
            <summary>
            Raises the DragEnter event.
            </summary>
            <param name="drgevent">A DragEventArgs that contains the event data.</param>
        </member>
        <member name="M:ControlTreeView.CTreeView.OnDragLeave(System.EventArgs)">
            <summary>
            Raises the DragLeave event.
            </summary>
            <param name="e">An EventArgs that contains the event data.</param>
        </member>
        <member name="M:ControlTreeView.CTreeView.OnDragDrop(System.Windows.Forms.DragEventArgs)">
            <summary>
            Raises the DragDrop event.
            </summary>
            <param name="drgevent">A DragEventArgs that contains the event data.</param>
        </member>
        <member name="M:ControlTreeView.CTreeView.OnMouseDown(System.Windows.Forms.MouseEventArgs)">
            <summary>
            Raises the MouseDown event.
            </summary>
            <param name="e">A MouseEventArgs that contains the event data.</param>
        </member>
        <member name="M:ControlTreeView.CTreeView.OnPaint(System.Windows.Forms.PaintEventArgs)">
            <summary>
            Raises the Paint event.
            </summary>
            <param name="e">A PaintEventArgs that contains the event data.</param>
        </member>
        <member name="M:ControlTreeView.CTreeView.#ctor">
            <summary>
            Initializes a new instance of the CTreeView class.
            </summary>
        </member>
        <member name="P:ControlTreeView.CTreeView.Nodes">
            <summary>
            Gets the collection of tree nodes that are assigned to the CTreeView control.
            </summary>
        </member>
        <member name="P:ControlTreeView.CTreeView.PathSeparator">
            <summary>
            Gets or sets the delimiter string that the tree node path uses.
            </summary>
            <value>The delimiter string that the tree node CTreeNode.FullPath property uses. The default is the backslash character (\).</value>
        </member>
        <member name="P:ControlTreeView.CTreeView.FirstNode">
            <summary>
            Gets the first child tree node in the tree node collection.
            </summary>
            <value>The first child CTreeNode in the Nodes collection.</value>
        </member>
        <member name="P:ControlTreeView.CTreeView.LastNode">
            <summary>
            Gets the last child tree node in the tree node collection.
            </summary>
            <value>A CTreeNode that represents the last child tree node.</value>
        </member>
        <member name="P:ControlTreeView.CTreeView.SelectedNodes">
            <summary>
            
            </summary>
        </member>
        <member name="P:ControlTreeView.CTreeView.DrawStyle">
            <summary>
            Gets or sets way that will draw the CTreeView.
            </summary>
        </member>
        <member name="P:ControlTreeView.CTreeView.PlusMinus">
            <summary>
            Gets or sets a bitmaps for plus-sign (+) and minus-sign (-) buttons of this CTreeView.
            </summary>
        </member>
        <member name="P:ControlTreeView.CTreeView.ShowPlusMinus">
            <summary>
            Gets or sets a value indicating whether plus-sign (+) and minus-sign (-) buttons are displayed next to tree nodes that contain child tree nodes.
            </summary>
            <value>true  if plus sign and minus sign buttons are displayed next to tree nodes that contain child tree nodes; otherwise, false. The default is true.</value>
        </member>
        <member name="P:ControlTreeView.CTreeView.ShowLines">
            <summary>
            Gets or sets a value indicating whether lines are drawn between tree nodes.
            </summary>
            <value>true  if lines are drawn between tree nodes; otherwise, false. The default is true.</value>
        </member>
        <member name="P:ControlTreeView.CTreeView.ShowRootLines">
            <summary>
            Gets or sets a value indicating whether lines are drawn for the root nodes of the CTreeView.
            </summary>
            <value>true  if lines are drawn for the root nodes of the CTreeView; otherwise, false. The default is true.</value>
        </member>
        <member name="P:ControlTreeView.CTreeView.MinimizeCollapsed">
            <summary>
            Gets or sets a value indicating whether position of nodes recalculated when collapsing for diagram style of this CTreeView.
            </summary>
        </member>
        <member name="P:ControlTreeView.CTreeView.SelectionMode">
            <summary>
            
            </summary>
        </member>
        <member name="P:ControlTreeView.CTreeView.IndentDepth">
            <summary>
            Gets or sets the distance to indent each child tree node level.
            </summary>
        </member>
        <member name="P:ControlTreeView.CTreeView.IndentWidth">
            <summary>
            Gets or sets the minimal distance between child tree nodes.
            </summary>
        </member>
        <member name="P:ControlTreeView.CTreeView.LinesPen">
            <summary>
            Gets or sets the Pen for drawing lines of this CTreeView
            </summary>
        </member>
        <member name="P:ControlTreeView.CTreeView.BoundsSubtree">
            <summary>
            The union of all child nodes bounds.
            </summary>
        </member>
        <member name="P:ControlTreeView.CTreeView.DragTargetPosition">
            <summary>
            Contains destination of dragged nodes.
            </summary>
        </member>
        <member name="M:ControlTreeView.CTreeView.CollapseAll">
            <summary>
            Collapses all the tree nodes.
            </summary>
        </member>
        <member name="M:ControlTreeView.CTreeView.ExpandAll">
            <summary>
            Expands all the tree nodes.
            </summary>
        </member>
        <member name="M:ControlTreeView.CTreeView.GetNodeCount(System.Boolean)">
            <summary>
            Retrieves the number of tree nodes, optionally including those in all subtrees, assigned to the CTreeView control.
            </summary>
            <param name="includeSubTrees">true  to count the CTreeNode items that the subtrees contain; otherwise, false.</param>
            <returns>The number of tree nodes, optionally including those in all subtrees, assigned to the CTreeView control.</returns>
        </member>
        <member name="M:ControlTreeView.CTreeView.GetNodeAt(System.Drawing.Point)">
            <summary>
            Retrieves the tree node that is at the specified point.
            </summary>
            <param name="pt">The Point to evaluate and retrieve the node from.</param>
            <returns>The CTreeNode at the specified point, in client coordinates, or null if there is no node at that location.</returns>
        </member>
        <member name="M:ControlTreeView.CTreeView.GetNodeAt(System.Int32,System.Int32)">
            <summary>
            Retrieves the tree node at the point with the specified coordinates.
            </summary>
            <param name="x">The X position to evaluate and retrieve the node from.</param>
            <param name="y">The Y position to evaluate and retrieve the node from.</param>
            <returns>The CTreeNode at the specified location, in CTreeView (client) coordinates, or null if there is no node at that location.</returns>
        </member>
        <member name="M:ControlTreeView.CTreeView.ClearSelection">
            <summary>
            
            </summary>
        </member>
        <member name="M:ControlTreeView.CTreeView.BeginUpdate">
            <summary>
            Disables recalculating of the CTreeView.
            </summary>
        </member>
        <member name="M:ControlTreeView.CTreeView.EndUpdate">
            <summary>
            Enables the recalculating of the CTreeView.
            </summary>
        </member>
        <member name="E:ControlTreeView.CTreeView.CollapseNode">
            <summary>
            Occurs when the tree node is collapsed.
            </summary>
        </member>
        <member name="E:ControlTreeView.CTreeView.ExpandNode">
            <summary>
            Occurs when the tree node is expanded.
            </summary>
        </member>
        <member name="E:ControlTreeView.CTreeView.SelectNode">
            <summary>
            Occurs when the tree node is selected.
            </summary>
        </member>
        <member name="F:ControlTreeView.CTreeView.rootLines">
            <summary>
            The list of lines for the CTreeView.
            </summary>
        </member>
        <member name="T:ControlTreeView.CTreeNode">
            <summary>
            Represents a node of a CTreeView.
            </summary>
        </member>
        <member name="M:ControlTreeView.CTreeNode.#ctor">
            <summary>
            Initializes a new instance of the CTreeNode class with the default control.
            </summary>
        </member>
        <member name="M:ControlTreeView.CTreeNode.#ctor(System.String,System.Windows.Forms.Control)">
            <summary>
            Initializes a new instance of the CTreeNode class with the specified name and control.
            </summary>
            <param name="name"></param>
        </member>
        <member name="P:ControlTreeView.CTreeNode.IndexPath">
            <summary>Indexes of all the nodes in the tree path leading to this one.</summary>
        </member>
        <member name="P:ControlTreeView.CTreeNode.Control">
            <summary>
            Gets or sets the user control assigned to the current tree node.
            </summary>
        </member>
        <member name="M:ControlTreeView.CTreeNode.GetNodePath">
            <summary>Gets the Indexes of all the nodes in the path to the current one.</summary>
        </member>
        <member name="M:ControlTreeView.CTreeNode.ExpandColapseNode(System.String)">
            <summary>Toggle the Expanded/Collapsed state of the TreeNode.</summary>
            <param name="NodePath">Indexes of the Path Nodes: '0;1;2;3;'</param>
        </member>
        <member name="P:ControlTreeView.CTreeNode.Nodes">
            <summary>
            Gets the collection of CTreeNode objects assigned to the current tree node.
            </summary>
        </member>
        <member name="P:ControlTreeView.CTreeNode.ParentNode">
            <summary>
            Gets the parent tree node of the current tree node.
            </summary>
        </member>
        <member name="P:ControlTreeView.CTreeNode.Parent">
            <summary>
            Gets the parent INodeContainer of the current tree node.
            </summary>
        </member>
        <member name="P:ControlTreeView.CTreeNode.Name">
            <summary>
            Gets or sets the name of the tree node.
            </summary>
        </member>
        <member name="P:ControlTreeView.CTreeNode.Index">
            <summary>
            Gets the position of the tree node in the tree node collection.
            </summary>
        </member>
        <member name="P:ControlTreeView.CTreeNode.OwnerCTreeView">
            <summary>
            Gets the parent tree view that the tree node is assigned to.
            </summary>
        </member>
        <member name="P:ControlTreeView.CTreeNode.Tag">
            <summary>
            Gets or sets the object that contains data about the tree node.
            </summary>
        </member>
        <member name="P:ControlTreeView.CTreeNode.ImageKey">
            <summary>To store some text data.</summary>
        </member>
        <member name="P:ControlTreeView.CTreeNode.NextNode">
            <summary>
            Gets the next sibling tree node.
            </summary>
        </member>
        <member name="P:ControlTreeView.CTreeNode.PrevNode">
            <summary>
            Gets the previous sibling tree node.
            </summary>
        </member>
        <member name="P:ControlTreeView.CTreeNode.FirstNode">
            <summary>
            Gets the first child tree node in the tree node collection.
            </summary>
            <value>The first child CTreeNode in the Nodes collection.</value>
        </member>
        <member name="P:ControlTreeView.CTreeNode.LastNode">
            <summary>
            Gets the last child tree node in the tree node collection.
            </summary>
            <value>A CTreeNode that represents the last child tree node.</value>
        </member>
        <member name="P:ControlTreeView.CTreeNode.Level">
            <summary>
            Gets the zero-based depth of the tree node in the CTreeView.
            </summary>
        </member>
        <member name="P:ControlTreeView.CTreeNode.FullPath">
            <summary>
            Gets the path from the root tree node to the current tree node.
            </summary>
            <value>The path from the root tree node to the current tree node.</value>
        </member>
        <member name="P:ControlTreeView.CTreeNode.IsExpanded">
            <summary>
            Gets a value indicating whether the tree node is in the expanded state.
            </summary>
        </member>
        <member name="P:ControlTreeView.CTreeNode.IsSelected">
            <summary>
            Gets or sets a value indicating whether the tree node is in the selected state.
            </summary>
        </member>
        <member name="P:ControlTreeView.CTreeNode.Visible">
            <summary>
            Gets a value indicating whether the tree node is not hidden by its ancestors.
            </summary>
        </member>
        <member name="P:ControlTreeView.CTreeNode.Bounds">
            <summary>
            Gets the bounds of the tree node.
            </summary>
            <value>The Rectangle that represents the bounds of the node.</value>
        </member>
        <member name="P:ControlTreeView.CTreeNode.BoundsSubtree">
            <summary>
            Gets the bounds of the tree node includes all tree nodes indirectly rooted at this tree node.
            </summary>
            <value>The Rectangle that represents the bounds of the node's subtree.</value>
        </member>
        <member name="M:ControlTreeView.CTreeNode.Expand">
            <summary>
            Expands the tree node.
            </summary>
        </member>
        <member name="M:ControlTreeView.CTreeNode.Collapse">
            <summary>
            Collapses the tree node.
            </summary>
        </member>
        <member name="M:ControlTreeView.CTreeNode.ExpandAll">
            <summary>
            Expands the CTreeNode and all the child tree nodes.
            </summary>
        </member>
        <member name="M:ControlTreeView.CTreeNode.CollapseAll">
            <summary>
            Collapses the CTreeNode and all the child tree nodes.
            </summary>
        </member>
        <member name="M:ControlTreeView.CTreeNode.Toggle">
            <summary>
            Toggles the tree node to either the expanded or collapsed state.
            </summary>
        </member>
        <member name="M:ControlTreeView.CTreeNode.GetNodeCount(System.Boolean)">
            <summary>
            Returns the number of child tree nodes.
            </summary>
            <param name="includeSubTrees">true  if the resulting count includes all tree nodes indirectly rooted at this tree node; otherwise, false.</param>
            <returns>The number of child tree nodes assigned to the Nodes collection.</returns>
        </member>
        <member name="M:ControlTreeView.CTreeNode.TraverseNodes(System.Action{ControlTreeView.CTreeNode})">
            <summary>
            Apply action to this node and recursively to each child node.
            </summary>
            <param name="action">Action will be applied to the nodes.</param>
        </member>
        <member name="M:ControlTreeView.CTreeNode.TraverseNodes(System.Func{ControlTreeView.CTreeNode,System.Boolean},System.Action{ControlTreeView.CTreeNode})">
            <summary>
            Apply action to this node and recursively to each child node until the condition is true.
            </summary>
            <param name="condition">Condition that must be satisfied node.</param>
            <param name="action">Action will be applied to the nodes.</param>
        </member>
        <member name="M:ControlTreeView.CTreeNode.GetControlFontSize(System.String)">
            <summary>Calculates the Size of the Indicated Text using the Control's Font.</summary>
            <param name="pText">The text who's size will be calculated</param>
        </member>
        <member name="P:ControlTreeView.CTreeNode.Location">
            <summary>
            The location of this node.
            </summary>
        </member>
        <member name="P:ControlTreeView.CTreeNode.Size">
            <summary>
            The size of this node.
            </summary>
        </member>
        <member name="P:ControlTreeView.CTreeNode.Lines">
            <summary>
            The list of lines for this node.
            </summary>
        </member>
        <member name="P:ControlTreeView.CTreeNode.PlusMinus">
            <summary>
            The plus-sign (+) or minus-sign (-) button's area for this node.
            </summary>
        </member>
        <member name="M:ControlTreeView.CTreeNode.NextLocation(System.Drawing.Point)">
            <summary>
            Calculate locations of this node and all child nodes for the CTreeViewDrawStyle.LinearTree.
            </summary>
            <param name="currentLocation"></param>
            <returns></returns>
        </member>
        <member name="M:ControlTreeView.CTreeNode.NextYMax(System.Int32,System.Int32)">
            <summary>
            Calculate locations of this node and all child nodes for the CTreeViewDrawStyle.HorizontalDiagram.
            </summary>
            <param name="currentX"></param>
            <param name="currentYMax"></param>
            <returns></returns>
        </member>
        <member name="M:ControlTreeView.CTreeNode.NextXMax(System.Int32,System.Int32)">
            <summary>
            Calculate locations of this node and all child nodes for the CTreeViewDrawStyle.VerticalDiagram.
            </summary>
            <param name="currentXMax"></param>
            <param name="currentY"></param>
            <returns></returns>
        </member>
        <member name="M:ControlTreeView.CTreeNode.CalculatePlusMinus(System.Func{ControlTreeView.CTreeNode,System.Drawing.Point},System.Boolean)">
            <summary>
            Calculates coordinats for PlusMinus button of this node and all child nodes.
            </summary>
            <param name="plusMinusCalc"></param>
            <param name="needRootPlusMinus"></param>
        </member>
        <member name="M:ControlTreeView.CTreeNode.CalculateLines(System.Func{ControlTreeView.CTreeNode,ControlTreeView.CTreeNode.Line},System.Func{ControlTreeView.CTreeNodeCollection,ControlTreeView.CTreeNode.Line},System.Func{ControlTreeView.CTreeNode,ControlTreeView.CTreeNode.Line})">
            <summary>
            Calculates coordinats for lines of this node and all child nodes.
            </summary>
            <param name="parentLineCalc"></param>
            <param name="commonLineCalc"></param>
            <param name="childLineCalc"></param>
        </member>
        <member name="M:ControlTreeView.CTreeNode.CalculateBounds">
            <summary>
            Calculates fullBounds of this node and all child nodes.
            </summary>
        </member>
        <member name="M:ControlTreeView.DragNodesEventArgs.#ctor(System.Collections.Generic.List{ControlTreeView.CTreeNode})">
            <summary>
            Initializes a new instance of the DragNodeEventArgs class.
            </summary>
            <param name="nodes">The tree nodes that the event is responding to.</param>
        </member>
        <member name="P:ControlTreeView.DragNodesEventArgs.Nodes">
            <summary>
            Gets the tree nodes that have been dragged.
            </summary>
        </member>
        <member name="M:ControlTreeView.CTreeViewEventArgs.#ctor(ControlTreeView.CTreeNode)">
            <summary>
            Initializes a new instance of the CTreeViewEventArgs class for the specified tree node.
            </summary>
            <param name="node">The CTreeNode that the event is responding to.</param>
        </member>
        <member name="P:ControlTreeView.CTreeViewEventArgs.Node">
            <summary>
            Gets the tree node that has been expanded, collapsed, or selected.
            </summary>
        </member>
        <member name="T:ControlTreeView.INodeContainer">
            <summary>
            The container for CTreeNodeCollection.
            </summary>
        </member>
        <member name="P:ControlTreeView.INodeContainer.Nodes">
            <summary>
            Gets the collection of tree nodes that are assigned to this INodeContainer.
            </summary>
        </member>
        <member name="P:ControlTreeView.INodeContainer.FirstNode">
            <summary>
            Gets the first child tree node in the tree node collection.
            </summary>
        </member>
        <member name="P:ControlTreeView.INodeContainer.LastNode">
            <summary>
            Gets the last child tree node in the tree node collection.
            </summary>
        </member>
        <member name="P:ControlTreeView.INodeContainer.OwnerCTreeView">
            <summary>
            Gets the TreeView that the CTreeNodeCollection of this INodeContainer is assigned to.
            </summary>
        </member>
        <member name="P:ControlTreeView.INodeContainer.BoundsSubtree">
            <summary>
            Gets the bounds of this INodeContainer includes all child tree nodes.
            </summary>
        </member>
        <member name="P:ControlTreeView.INodeContainer.Name">
            <summary>
            Gets or sets the name of the INodeContainer.
            </summary>
        </member>
        <member name="M:ControlTreeView.INodeContainer.ExpandAll">
            <summary>
            Expands all the tree nodes of this INodeContainer.
            </summary>
        </member>
        <member name="M:ControlTreeView.INodeContainer.CollapseAll">
            <summary>
            Collapses all the tree nodes of this INodeContainer.
            </summary>
        </member>
        <member name="M:ControlTreeView.INodeContainer.GetNodeCount(System.Boolean)">
            <summary>
            Returns the number of child tree nodes.
            </summary>
            <param name="includeSubTrees">true  if the resulting count includes all tree nodes indirectly rooted at the tree node collection; otherwise, false.</param>
            <returns>The number of child tree nodes assigned to the CTreeNodeCollection.</returns>
        </member>
        <member name="T:ControlTreeView.INodeControl">
            <summary>
            Provides selection logic and DragAndDrop logic for the CTreeNode.Control.
            </summary>
        </member>
        <member name="P:ControlTreeView.INodeControl.OwnerNode">
            <summary>
            The owner node of this control.
            </summary>
        </member>
        <member name="T:ControlTreeView.NodeControl">
            <summary>
            Implements specific selection logic and DragAndDrop logic.
            </summary>
        </member>
        <member name="P:ControlTreeView.NodeControl.Area">
            <summary>
            Experimental property for changing control's position relative to lines
            </summary>
        </member>
        <member name="M:ControlTreeView.NodeControl.OnMouseDown(System.Windows.Forms.MouseEventArgs)">
            <summary>
            Raises the MouseDown event.
            </summary>
            <param name="e">A MouseEventArgs that contains the event data.</param>
        </member>
        <member name="T:ControlTreeView.CTreeViewDrawStyle">
            <summary>
            The draw style of CTreeView.
            </summary>
        </member>
        <member name="T:ControlTreeView.CTreeViewSelectionMode">
            <summary>
            The selection mode of CTreeView.
            </summary>
        </member>
        <member name="T:ControlTreeView.CTreeViewDragAndDropMode">
            <summary>
            The DragAndDrop mode of CTreeView.
            </summary>
        </member>
        <member name="T:ControlTreeView.CTreeViewPlusMinus">
            <summary>
            The bitmaps for plus and minus buttons of nodes.
            </summary>
        </member>
    </members>
</doc>
